Age,Gender,City,Disease,Salary
20-29,Male,Delhi-NCR,Diabetes,35000
20-29,Female,Delhi-NCR,Asthma,42000
20-29,Male,Delhi-NCR,Hypertension,38000
20-29,Female,Delhi-NCR,Diabetes,45000
20-29,Male,Delhi-NCR,Asthma,40000
20-29,Female,Delhi-NCR,Hypertension,37000
30-39,Male,Delhi-NCR,Diabetes,52000
30-39,Female,Delhi-NCR,Asthma,48000
30-39,Male,Delhi-NCR,Hypertension,55000
30-39,Female,Delhi-NCR,Diabetes,51000
30-39,Male,Delhi-NCR,Asthma,46000
30-39,Female,Delhi-NCR,Hypertension,53000
40-49,Male,Gurugram-NCR,Diabetes,65000
40-49,Female,Gurugram-NCR,Asthma,61000
40-49,Male,Gurugram-NCR,Hypertension,68000
40-49,Female,Gurugram-NCR,Diabetes,63000
40-49,Male,Gurugram-NCR,Asthma,59000
40-49,Female,Gurugram-NCR,Hypertension,67000
20-29,Male,Delhi-NCR,Diabetes,43000
20-29,Female,Delhi-NCR,Asthma,41000
