Patient_ID,Name,Age,Gender,City,Disease,Salary,Phone,Email
P001,A***********,21,Male,Delhi,Diabetes,35000,XXXXXX0001,p****@example.com
P002,R*********,24,Female,Delhi,Asthma,42000,XXXXXX0002,p****@example.com
P003,A**********,27,Male,Delhi,Hypertension,38000,XXXXXX0003,p****@example.com
P004,N*********,29,Female,Delhi,Diabetes,45000,XXXXXX0004,p****@example.com
P005,K**********,23,Male,Delhi,Asthma,40000,XXXXXX0005,p****@example.com
P006,A************,25,Female,Delhi,Hypertension,37000,XXXXXX0006,p****@example.com
P007,R*************,32,Male,Noida,Diabetes,52000,XXXXXX0007,p****@example.com
P008,P*********,35,Female,Noida,Asthma,48000,XXXXXX0008,p****@example.com
P009,A*********,37,Male,Noida,Hypertension,55000,XXXXXX0009,p****@example.com
P010,S**********,39,Female,Noida,Diabetes,51000,XXXXXX0010,p****@example.com
P011,V**********,34,Male,Noida,Asthma,46000,XXXXXX0011,p****@example.com
P012,I**********,36,Female,Noida,Hypertension,53000,XXXXXX0012,p****@example.com
P013,M***********,42,Male,Gurugram,Diabetes,65000,XXXXXX0013,p****@example.com
P014,M*********,45,Female,Gurugram,Asthma,61000,XXXXXX0014,p****@example.com
P015,R**********,47,Male,Gurugram,Hypertension,68000,XXXXXX0015,p****@example.com
P016,K***********,49,Female,Gurugram,Diabetes,63000,XXXXXX0016,p****@example.com
P017,D*********,44,Male,Gurugram,Asthma,59000,XXXXXX0017,p****@example.com
P018,S**********,46,Female,Gurugram,Hypertension,67000,XXXXXX0018,p****@example.com
P019,Y**********,28,Male,Delhi,Diabetes,43000,XXXXXX0019,p****@example.com
P020,T*********,26,Female,Delhi,Asthma,41000,XXXXXX0020,p****@example.com
